model,rmse_mean,rmse_std,mae_mean,mape_mean,categories_evaluated
xgb,1.0360004503194742,0.8141219031809434,0.7331941297036357,40.39002775140755,5
extra_trees,1.2040671097837632,0.5213922467081973,0.8830054197350122,42.30960551278055,5
catboost,1.244973174162224,0.6307959128463975,0.8510113045168755,42.95897965765286,5
rf,1.3165613822883935,0.7258108964584471,0.9168940608452181,45.66943185577919,5
gbr,1.3393943003473512,0.5836387620153712,1.0550783615202988,61.069268622155676,5
lgbm,1.3487595226068358,0.6529691695041504,0.9364864990421854,48.310854810516005,5
