category,model,n_train,n_test,rmse,mae,mape
81,extra_trees,108679,13589,2.368111167129306,1.3783875910516712,43.50200160956732
60,extra_trees,150126,18768,1.4084618419995227,0.9020229303922931,45.83998895623849
82,extra_trees,59416,7422,1.204983755467741,0.8636672995670833,113.64039209062611
184,extra_trees,27606,3460,5.225717641695315,2.9560219457821364,31.219682183964554
1,extra_trees,48450,6060,1.74259988899344,1.1894888367448488,43.63773943953119
