category,model,n_train,n_test,rmse,mae,mape
81,extra_trees,108523,13589,2.294837729009327,1.3335180421174337,42.5816399428866
60,extra_trees,149969,18768,1.3917530469547539,0.8985745485157752,46.193961938747044
82,extra_trees,59360,7409,1.2225610347566183,0.8558737143983494,112.67661203121241
184,extra_trees,27571,3460,5.205234341480564,2.925565807102452,31.575626048587303
1,extra_trees,48373,6060,1.6572490363681813,1.1378648118649195,44.63251115726071
