category,model,n_train,n_test,rmse,mae,mape
81,catboost,122261,7,2.2285746626523197,1.4650121335009754,61.725822450619575
60,catboost,168887,7,1.2685201052412232,1.0547945112854407,73.79735619145504
82,catboost,66831,7,0.5039021275330138,0.3337697869516743,33.27439593248744
184,catboost,31059,7,1.2515817364734516,0.5932952151762968,24.65396020178139
1,catboost,54503,7,0.9722872389111121,0.8081848756699904,21.343363511920863
