category,model,n_train,n_test,rmse,mae,mape
81,catboost,112600,9512,2.3041569612238635,1.3628273143614213,48.002138941440855
60,catboost,155600,13137,1.3440384354120436,0.8986557238401635,47.90280807840085
82,catboost,61583,5186,0.9980099243337651,0.7142371465077213,97.5107369984148
184,catboost,28609,2422,4.9954314891622555,2.8998509516402566,40.694172988661535
1,catboost,50191,4242,1.542239850027192,1.0570733601296285,41.58069127182187
