model,service_level_mean,stockout_rate_mean,weighted_inventory_cost_mean,categories_evaluated
ensemble_mean,0.6285714285714286,0.37142857142857144,31.05844385267151,5
lgbm,0.5552713541891259,0.4447286458108741,6978.679161041997,5
xgb,0.5646078405383378,0.4353921594616622,7256.089811689641,5
catboost,0.5823208321126968,0.4176791678873033,7534.475790414561,5
rf,0.5580073850300378,0.44199261496996217,7541.643636421593,5
extra_trees,0.5666487464657534,0.4333512535342465,7609.362635048364,5
gbr,0.5874646316043843,0.4125353683956156,8286.490564320182,5
