model,service_level_mean,stockout_rate_mean,weighted_inventory_cost_mean,categories_evaluated
xgb,0.5142857142857142,0.48571428571428565,5.044141219126546,5
catboost,0.6285714285714286,0.3714285714285714,5.811493524742026,5
extra_trees,0.6,0.4,6.127545159301189,5
rf,0.6,0.4,6.3643246582735005,5
lgbm,0.6,0.4,6.442509919183394,5
gbr,0.6285714285714286,0.37142857142857144,6.744232477008232,5
nbeats,0.5142857142857142,0.48571428571428565,4298.02125938469,5
