category,model,n_train,n_test,rmse,mae,mape
81,catboost,108679,13589,2.3219371584549093,1.3628312547064627,49.83401907514856
60,catboost,150126,18768,1.3834975487739132,0.8976242741018292,47.26785576362715
82,catboost,59416,7422,1.2128528813983723,0.8643261479584554,106.93710856740498
184,catboost,27606,3460,5.812036160570642,3.484212087400735,50.48942724240473
1,catboost,48450,6060,1.6021350258243041,1.0977255546852331,44.07705532284509
