category,model,n_train,n_test,rmse,mae,mape
81,catboost,108523,13589,2.1981163984537018,1.2938589347097198,48.67469186706125
60,catboost,149969,18768,1.3565940698143002,0.8801341649670261,44.32933414829434
82,catboost,59360,7409,1.1544983078241968,0.8278159461611968,104.07191130895406
184,catboost,27571,3460,5.249458347675543,3.1034083276380153,50.17786154469827
1,catboost,48373,6060,1.5581432124137338,1.0707143889675228,44.35145986343946
