category,model,n_train,n_test,rmse,mae,mape
81,rf,1487,9006,2.3292920096198184,1.6656591311827447,111.98387262748764
60,rf,1988,12012,1.7235398533844477,1.0222062957527505,50.338887684783664
82,rf,767,4686,1.277898462978352,0.7407994757325048,63.14501963894708
184,rf,351,2190,7.6921383773695275,3.9047773437401543,37.94716167933834
1,rf,645,3954,2.9909588935789353,1.9941854750402845,142.06127673124396
