model,rmse_mean,rmse_std,mae_mean,mape_mean,categories_evaluated
rf,3.202765519386216,2.5911150318347214,1.8655255442896876,81.09524367236014,5
