category,model,n_train,n_test,rmse,mae,mape
81,rf,108523,13589,2.1717520006737487,1.2712501028023253,43.98775964305159
60,rf,149969,18768,1.4337557897675528,0.9124333903489161,46.3755407854447
82,rf,59360,7409,1.098319070626311,0.7810185136237555,107.66395019552097
184,rf,27571,3460,6.110086371632834,3.229406509561126,34.14254933380475
1,rf,48373,6060,1.6937496247950483,1.1725210602183256,48.47036554015764
