category,model,n_train,n_test,rmse,mae,mape
81,lgbm,112600,9512,2.1907245335387544,1.3169399047063346,43.275409421419845
60,lgbm,155600,13137,1.2537558391973442,0.8316578064925573,45.6986551551169
82,lgbm,61583,5186,0.9665201786423544,0.6747793815598576,87.61119430150693
184,lgbm,28609,2422,4.383066396720547,2.5619898278713524,36.72579251257737
1,lgbm,50191,4242,1.4592991416549377,1.0090729177202342,39.51917018595227
