category,model,n_train,n_test,rmse,mae,mape
81,lgbm,122261,7,2.2222878128899537,1.422247804648136,58.95038208967741
60,lgbm,168887,7,1.760759046245465,1.290466224163437,70.74697505712543
82,lgbm,66831,7,0.5545767974244343,0.4692969553214147,55.33674065787031
184,lgbm,31059,7,1.206148767461083,0.6355770899035372,33.68250943047937
1,lgbm,54503,7,1.0000251890132426,0.8648444211744015,22.837666817427515
