category,model,n_train,n_test,rmse,mae,mape
81,extra_trees,112600,9512,2.33997484578375,1.382004447606034,43.49280882392107
60,extra_trees,155600,13137,1.3515707881383634,0.882485426942489,47.08402809660711
82,extra_trees,61583,5186,1.1651550013841137,0.7877170863848626,109.5078455698167
184,extra_trees,28609,2422,4.96559621811156,2.792057322243822,27.550933594713676
1,extra_trees,50191,4242,1.6367613259408205,1.124573321362899,42.024268792268224
