category,model,n_train,n_test,rmse,mae,mape
81,extra_trees,122261,7,1.4373999705769367,1.1749327168482409,35.84487643341548
60,extra_trees,168887,7,1.433108712309138,1.3097143921315308,93.99538593562268
82,extra_trees,66831,7,0.42144811614317024,0.337492773616784,40.72670649887623
184,extra_trees,31059,7,1.7621368911380397,0.7943896238628577,19.325371796324713
1,extra_trees,54503,7,0.9662418587515321,0.7984975922156478,21.655686899663642
