category,model,n_train,n_test,rmse,mae,mape
81,lgbm,108679,13589,2.231846544327655,1.3131141083361326,44.74615268261207
60,lgbm,150126,18768,1.3586297842379864,0.8877676446510933,48.58331587259099
82,lgbm,59416,7422,1.0850306959987566,0.7488540224998683,89.71332546119388
184,lgbm,27606,3460,5.002754785728048,2.9556150451708953,43.55415467970569
1,lgbm,48450,6060,1.5353720069071473,1.065290037745414,45.154011519730005
