category,model,n_train,n_test,rmse,mae,mape
81,lgbm,108523,13589,2.1569860863852055,1.2656036687735617,42.762306317457075
60,lgbm,149969,18768,1.3137349925770012,0.8472101959079424,43.911306899537294
82,lgbm,59360,7409,1.113348252012193,0.7811847230666475,98.5009420734396
184,lgbm,27571,3460,4.924505290750569,2.823351512960319,42.18722440504721
1,lgbm,48373,6060,1.4875774272741997,1.022527623210148,40.456001284805176
