category,model,n_train,n_test,rmse,mae,mape
81,lgbm,112600,9512,2.1907245335387544,1.3169399047063346,43.275409421419845
