category,model,n_train,n_test,rmse,mae,mape
81,xgb,108523,13589,2.1713083919115586,1.2777857411194284,46.348012777536354
60,xgb,149969,18768,1.3575345519948057,0.8710520249841143,46.08879197881753
82,xgb,59360,7409,1.18191513431825,0.8223534129300092,99.10155965328788
184,xgb,27571,3460,5.07969127366338,3.0475000674617196,73.76071275744
1,xgb,48373,6060,1.5154394320868025,1.0482362447481524,44.01791155598689
