category,model,n_train,n_test,rmse,mae,mape
81,xgb,1487,9006,2.2985518807716723,1.6336144260060739,100.92579418273633
60,xgb,1988,12012,1.7940121376655667,1.0619490910910108,51.23582792554736
82,xgb,767,4686,1.3214979775260218,0.7933145859702465,67.1979450500852
184,xgb,351,2190,8.927523519689395,4.392125831153241,44.389803796950424
1,xgb,645,3954,2.9338327882441244,1.9831495822962053,149.1638259601415
