category,model,n_train,n_test,rmse,mae,mape
81,xgb,112600,9512,2.2502673651998077,1.3365997408963013,47.49904186164305
60,xgb,155600,13137,1.3047770436487356,0.8639273137247725,47.503984328908665
82,xgb,61583,5186,0.9611416123510818,0.6775261973710561,86.59932931138576
184,xgb,28609,2422,4.422862775466763,2.6076622213048677,46.52228180327464
1,xgb,50191,4242,1.5163839050416263,1.0485984293162813,42.204438457274655
