category,model,n_train,n_test,rmse,mae,mape
81,xgb,122261,7,2.3388585414645675,1.4323377952021745,48.74607377528843
60,xgb,168887,7,1.2827754330616075,1.0650823330043313,73.82729768051838
82,xgb,66831,7,0.49738852457960786,0.3860662821029033,48.424297382370526
184,xgb,31059,7,0.3164149972473254,0.22496553834219585,18.26070515333355
1,xgb,54503,7,0.7445647552442624,0.5575186998665738,12.69176476552686
