category,model,n_train,n_test,rmse,mae,mape
81,gbr,112600,9512,2.4023739035688174,1.4492540055605632,53.67218734215059
60,gbr,155600,13137,1.4578348565568247,0.9696736617355051,54.24514365572991
82,gbr,61583,5186,0.9926634893379105,0.7452120706731791,101.80891102505724
184,gbr,28609,2422,5.643957296287318,3.406530875301621,63.57329473422585
1,gbr,50191,4242,1.5691015078971984,1.089703735658085,43.93853744894887
