category,model,n_train,n_test,rmse,mae,mape
81,gbr,122261,7,2.1062873478626694,1.6695304050383852,73.76463953308097
60,gbr,168887,7,1.7365978781438427,1.2275340163636905,70.14869701949708
82,gbr,66831,7,0.6256666298149622,0.4606441187523566,47.55001151436389
184,gbr,31059,7,1.0602751209211472,0.8806390509420099,87.21803116962025
1,gbr,54503,7,1.1681445249941345,1.0370442165050515,26.664963874216184
