category,model,n_train,n_test,rmse,mae,mape
81,rf,112600,9512,2.2442019301364238,1.3186095093371453,43.83785742501965
60,rf,155600,13137,1.370653777300843,0.8912469362167428,46.80174856759917
82,rf,61583,5186,0.9656678191854637,0.6642349216706493,89.0581916096252
184,rf,28609,2422,5.208454518951608,2.8604398947444216,29.714890696455555
1,rf,50191,4242,1.6104808397085921,1.1021837864349282,43.19191565805199
