category,model,n_train,n_test,rmse,mae,mape
81,rf,122261,7,1.614719849475981,1.2270518042335594,54.23853611404361
60,rf,168887,7,1.5525345517861813,1.4338210711152326,103.11437327528114
82,rf,66831,7,0.38198873774128156,0.2933152714283776,33.095329088776936
184,rf,31059,7,2.227071085443187,0.9512301653656614,19.389561537591714
1,rf,54503,7,0.806492686995336,0.6790519920832588,18.509359263202523
