model,rmse_mean,rmse_std,mae_mean,mape_mean,categories_evaluated
xgb,1.0360004503194742,0.8141219031809434,0.7331941297036357,40.39002775140755,5
extra_trees,1.2040671097837632,0.5213922467081968,0.8830054197350121,42.30960551278055,5
catboost,1.2449731741622236,0.6307959128463976,0.8510113045168755,42.95897965765286,5
rf,1.316561382288393,0.7258108964584467,0.9168940608452179,45.66943185577918,5
gbr,1.339394300347351,0.5836387620153713,1.0550783615202985,61.069268622155676,5
lgbm,1.3487595226068354,0.6529691695041504,0.9364864990421852,48.310854810516005,5
nbeats,911.7447173675994,428.6266057274953,712.7234213899894,24.54798441245,5
