model,rmse_mean,rmse_std,mae_mean,mape_mean,categories_evaluated
lgbm,2.050673217950788,1.3802047611392092,1.278887967670067,50.56604431531466,5
xgb,2.091086540341603,1.3863495437297404,1.3068627805226558,54.065815152497365,5
catboost,2.236775332031824,1.6146688913586336,1.3865288992958382,55.13810965574798,5
rf,2.2798917770565863,1.7014525304186605,1.3673430096807775,50.52092079135031,5
extra_trees,2.2918116358717215,1.5599633504776924,1.3937675209080214,53.93197697546535,5
gbr,2.413186210729614,1.8762368394426785,1.5320748697857907,63.44761484122249,5
ensemble_mean,5.933108445567677,8.201482790211859,5.364076557864794,53.31948617655685,5
