model,service_level_mean,stockout_rate_mean,weighted_inventory_cost_mean,categories_evaluated
xgb,0.6857142857142857,0.3142857142857143,7.202033575496181,5
catboost,0.7142857142857142,0.2857142857142857,8.170828482774617,5
rf,0.6571428571428571,0.34285714285714286,8.82897713362554,5
extra_trees,0.6285714285714286,0.37142857142857144,8.966586305117781,5
lgbm,0.7142857142857142,0.2857142857142857,9.401103625658546,5
gbr,0.6857142857142857,0.3142857142857143,9.44214765713426,5
nbeats,0.6857142857142857,0.3142857142857143,7254.2605820928175,5
