model,service_level_mean,stockout_rate_mean,weighted_inventory_cost_mean,categories_evaluated
ensemble_mean,0.6285714285714286,0.37142857142857144,80.55640396481854,5
lgbm,0.6922522300158442,0.30774776998415576,12150.913768925417,5
xgb,0.7013832588874118,0.2986167411125882,12669.11306730604,5
catboost,0.7039700486999574,0.2960299513000426,13161.14057119557,5
rf,0.7090972320248022,0.2909027679751977,13322.501057820638,5
extra_trees,0.6906294660682862,0.30937053393171376,13520.619788053165,5
gbr,0.7322136800206214,0.26778631997937863,14516.729103676804,5
