category,model,n_train,n_test,rmse,mae,mape
81,gbr,108523,13589,2.299801756791627,1.374547728242476,52.080008075944406
60,gbr,149969,18768,1.4938312386332662,0.9646773304796087,54.2922317993801
82,gbr,59360,7409,1.1497815197329648,0.8380018111721442,106.36862014421055
184,gbr,27571,3460,6.03761881509768,3.6970544766886806,80.10766353692944
1,gbr,48373,6060,1.622172072722946,1.1281125314601854,45.16735339767672
