category,model,n_train,n_test,rmse,mae,mape
81,gbr,108679,13589,2.4130758450268903,1.435661035059213,52.80451156443687
60,gbr,150126,18768,1.5133237278469147,0.9703062597948395,52.79313501004626
82,gbr,59416,7422,1.1505795484377488,0.8122005032374879,99.96229186901527
184,gbr,27606,3460,6.366577353744045,3.906101650140968,83.73130175458859
1,gbr,48450,6060,1.6476219057399084,1.1412330805855937,45.37166974022038
