model,rmse_mean,rmse_std,mae_mean,mape_mean,categories_evaluated
gbr,1.1710643220632004,0.6812937822262723,0.8268930786950943,40.48394559086617,5
xgb,1.1965812755934255,0.5437179570195151,0.8164473717687196,41.78679622640757,5
extra_trees,1.2394903717207209,0.4930714362121988,0.9191002600875138,47.83108333937612,5
lgbm,1.2585507594307725,0.6398152228050061,0.8632344566069975,39.89592112929031,5
catboost,1.2742128773288912,0.5817267878068095,0.9167848392642742,46.58181154512536,5
rf,1.340780572308541,0.6516045495687586,0.920568073859376,44.122999743133356,5
