model,service_level_mean,stockout_rate_mean,weighted_inventory_cost_mean,categories_evaluated
xgb,0.6599999999999999,0.33999999999999997,12.717785215454134,5
lgbm,0.7,0.3,13.51257266170876,5
rf,0.7,0.3,14.180937079839541,5
catboost,0.72,0.28,15.070491172854224,5
gbr,0.6599999999999999,0.33999999999999997,15.599406757625408,5
extra_trees,0.6,0.4,15.897806421220906,5
