model,service_level_mean,stockout_rate_mean,weighted_inventory_cost_mean,categories_evaluated
xgb,0.6857142857142857,0.3142857142857143,8.559998503598822,5
catboost,0.7714285714285715,0.22857142857142856,9.678083731791094,5
extra_trees,0.7142857142857142,0.2857142857142857,10.33988683058389,5
rf,0.6857142857142857,0.3142857142857143,10.434565593991062,5
lgbm,0.7142857142857142,0.2857142857142857,11.678704505547246,5
gbr,0.7428571428571429,0.2571428571428571,11.85075329665975,5
nbeats,0.7142857142857142,0.2857142857142857,9203.239510465424,5
