model,service_level_mean,stockout_rate_mean,weighted_inventory_cost_mean,categories_evaluated
ensemble_mean,0.6285714285714286,0.37142857142857144,129.5610501037251,5
lgbm,0.7229078763074067,0.2770921236925933,16309.273874171995,5
xgb,0.7278924115543616,0.2721075884456385,16920.38994621094,5
catboost,0.7435887515342094,0.2564112484657906,17605.775368357583,5
rf,0.7446456802862239,0.2553543197137761,17753.099821262243,5
extra_trees,0.7271457108141129,0.27285428918588694,18320.264433575012,5
gbr,0.7473698697622334,0.2526301302377666,19425.16134377034,5
